MSN,YYYYMM,Value,Column_Order,Description,Unit
FFTCBUS,1973-01-01,6.747651,9,Total Fossil Fuels Consumption,Quadrillion Btu
FFTCBUS,1973-02-01,6.163095,9,Total Fossil Fuels Consumption,Quadrillion Btu
FFTCBUS,1973-03-01,6.044647,9,Total Fossil Fuels Consumption,Quadrillion Btu
FFTCBUS,1973-04-01,5.493184,9,Total Fossil Fuels Consumption,Quadrillion Btu
FFTCBUS,1973-05-01,5.613551,9,Total Fossil Fuels Consumption,Quadrillion Btu
FFTCBUS,1973-06-01,5.347479,9,Total Fossil Fuels Consumption,Quadrillion Btu
FFTCBUS,1973-07-01,5.504556,9,Total Fossil Fuels Consumption,Quadrillion Btu
FFTCBUS,1973-08-01,5.748879,9,Total Fossil Fuels Consumption,Quadrillion Btu
FFTCBUS,1973-09-01,5.376782,9,Total Fossil Fuels Consumption,Quadrillion Btu
FFTCBUS,1973-10-01,5.7653,9,Total Fossil Fuels Consumption,Quadrillion Btu
FFTCBUS,1973-11-01,6.08844,9,Total Fossil Fuels Consumption,Quadrillion Btu
FFTCBUS,1973-12-01,6.388515,9,Total Fossil Fuels Consumption,Quadrillion Btu
FFTCBUS,1974-01-01,6.378043,9,Total Fossil Fuels Consumption,Quadrillion Btu
FFTCBUS,1974-02-01,5.820458,9,Total Fossil Fuels Consumption,Quadrillion Btu
FFTCBUS,1974-03-01,5.845649,9,Total Fossil Fuels Consumption,Quadrillion Btu
FFTCBUS,1974-04-01,5.355618,9,Total Fossil Fuels Consumption,Quadrillion Btu
FFTCBUS,1974-05-01,5.359907,9,Total Fossil Fuels Consumption,Quadrillion Btu
FFTCBUS,1974-06-01,5.150392,9,Total Fossil Fuels Consumption,Quadrillion Btu
FFTCBUS,1974-07-01,5.458003,9,Total Fossil Fuels Consumption,Quadrillion Btu
FFTCBUS,1974-08-01,5.488069,9,Total Fossil Fuels Consumption,Quadrillion Btu
FFTCBUS,1974-09-01,5.230848,9,Total Fossil Fuels Consumption,Quadrillion Btu
FFTCBUS,1974-10-01,5.713389,9,Total Fossil Fuels Consumption,Quadrillion Btu
FFTCBUS,1974-11-01,5.757535,9,Total Fossil Fuels Consumption,Quadrillion Btu
FFTCBUS,1974-12-01,6.314029,9,Total Fossil Fuels Consumption,Quadrillion Btu
FFTCBUS,1975-01-01,6.508066,9,Total Fossil Fuels Consumption,Quadrillion Btu
FFTCBUS,1975-02-01,5.658866,9,Total Fossil Fuels Consumption,Quadrillion Btu
FFTCBUS,1975-03-01,5.794307,9,Total Fossil Fuels Consumption,Quadrillion Btu
FFTCBUS,1975-04-01,5.244039,9,Total Fossil Fuels Consumption,Quadrillion Btu
FFTCBUS,1975-05-01,4.917011,9,Total Fossil Fuels Consumption,Quadrillion Btu
FFTCBUS,1975-06-01,4.881923,9,Total Fossil Fuels Consumption,Quadrillion Btu
FFTCBUS,1975-07-01,5.099561,9,Total Fossil Fuels Consumption,Quadrillion Btu
FFTCBUS,1975-08-01,5.199413,9,Total Fossil Fuels Consumption,Quadrillion Btu
FFTCBUS,1975-09-01,4.996158,9,Total Fossil Fuels Consumption,Quadrillion Btu
FFTCBUS,1975-10-01,5.377048,9,Total Fossil Fuels Consumption,Quadrillion Btu
FFTCBUS,1975-11-01,5.309492,9,Total Fossil Fuels Consumption,Quadrillion Btu
FFTCBUS,1975-12-01,6.337521,9,Total Fossil Fuels Consumption,Quadrillion Btu
FFTCBUS,1976-01-01,6.710216,9,Total Fossil Fuels Consumption,Quadrillion Btu
FFTCBUS,1976-02-01,5.836128,9,Total Fossil Fuels Consumption,Quadrillion Btu
FFTCBUS,1976-03-01,5.807521,9,Total Fossil Fuels Consumption,Quadrillion Btu
FFTCBUS,1976-04-01,5.334664,9,Total Fossil Fuels Consumption,Quadrillion Btu
FFTCBUS,1976-05-01,5.243322,9,Total Fossil Fuels Consumption,Quadrillion Btu
FFTCBUS,1976-06-01,5.236508,9,Total Fossil Fuels Consumption,Quadrillion Btu
FFTCBUS,1976-07-01,5.40514,9,Total Fossil Fuels Consumption,Quadrillion Btu
FFTCBUS,1976-08-01,5.367256,9,Total Fossil Fuels Consumption,Quadrillion Btu
FFTCBUS,1976-09-01,5.18912,9,Total Fossil Fuels Consumption,Quadrillion Btu
FFTCBUS,1976-10-01,5.681201,9,Total Fossil Fuels Consumption,Quadrillion Btu
FFTCBUS,1976-11-01,6.197897,9,Total Fossil Fuels Consumption,Quadrillion Btu
FFTCBUS,1976-12-01,7.0619,9,Total Fossil Fuels Consumption,Quadrillion Btu
FFTCBUS,1977-01-01,7.230327,9,Total Fossil Fuels Consumption,Quadrillion Btu
FFTCBUS,1977-02-01,6.134899,9,Total Fossil Fuels Consumption,Quadrillion Btu
FFTCBUS,1977-03-01,5.97723,9,Total Fossil Fuels Consumption,Quadrillion Btu
FFTCBUS,1977-04-01,5.409177,9,Total Fossil Fuels Consumption,Quadrillion Btu
FFTCBUS,1977-05-01,5.413653,9,Total Fossil Fuels Consumption,Quadrillion Btu
FFTCBUS,1977-06-01,5.512801,9,Total Fossil Fuels Consumption,Quadrillion Btu
FFTCBUS,1977-07-01,5.618804,9,Total Fossil Fuels Consumption,Quadrillion Btu
FFTCBUS,1977-08-01,5.714704,9,Total Fossil Fuels Consumption,Quadrillion Btu
FFTCBUS,1977-09-01,5.535869,9,Total Fossil Fuels Consumption,Quadrillion Btu
FFTCBUS,1977-10-01,5.72095,9,Total Fossil Fuels Consumption,Quadrillion Btu
FFTCBUS,1977-11-01,5.900695,9,Total Fossil Fuels Consumption,Quadrillion Btu
FFTCBUS,1977-12-01,6.781158,9,Total Fossil Fuels Consumption,Quadrillion Btu
FFTCBUS,1978-01-01,6.994146,9,Total Fossil Fuels Consumption,Quadrillion Btu
FFTCBUS,1978-02-01,6.416481,9,Total Fossil Fuels Consumption,Quadrillion Btu
FFTCBUS,1978-03-01,6.280715,9,Total Fossil Fuels Consumption,Quadrillion Btu
FFTCBUS,1978-04-01,5.537677,9,Total Fossil Fuels Consumption,Quadrillion Btu
FFTCBUS,1978-05-01,5.63302,9,Total Fossil Fuels Consumption,Quadrillion Btu
FFTCBUS,1978-06-01,5.469015,9,Total Fossil Fuels Consumption,Quadrillion Btu
FFTCBUS,1978-07-01,5.629409,9,Total Fossil Fuels Consumption,Quadrillion Btu
FFTCBUS,1978-08-01,5.801865,9,Total Fossil Fuels Consumption,Quadrillion Btu
FFTCBUS,1978-09-01,5.446963,9,Total Fossil Fuels Consumption,Quadrillion Btu
FFTCBUS,1978-10-01,5.788479,9,Total Fossil Fuels Consumption,Quadrillion Btu
FFTCBUS,1978-11-01,6.02842,9,Total Fossil Fuels Consumption,Quadrillion Btu
FFTCBUS,1978-12-01,6.783142,9,Total Fossil Fuels Consumption,Quadrillion Btu
FFTCBUS,1979-01-01,7.336166,9,Total Fossil Fuels Consumption,Quadrillion Btu
FFTCBUS,1979-02-01,6.732512,9,Total Fossil Fuels Consumption,Quadrillion Btu
FFTCBUS,1979-03-01,6.42199,9,Total Fossil Fuels Consumption,Quadrillion Btu
FFTCBUS,1979-04-01,5.635417,9,Total Fossil Fuels Consumption,Quadrillion Btu
FFTCBUS,1979-05-01,5.688216,9,Total Fossil Fuels Consumption,Quadrillion Btu
FFTCBUS,1979-06-01,5.520908,9,Total Fossil Fuels Consumption,Quadrillion Btu
FFTCBUS,1979-07-01,5.619578,9,Total Fossil Fuels Consumption,Quadrillion Btu
FFTCBUS,1979-08-01,5.814576,9,Total Fossil Fuels Consumption,Quadrillion Btu
FFTCBUS,1979-09-01,5.431098,9,Total Fossil Fuels Consumption,Quadrillion Btu
FFTCBUS,1979-10-01,5.911981,9,Total Fossil Fuels Consumption,Quadrillion Btu
FFTCBUS,1979-11-01,6.049123,9,Total Fossil Fuels Consumption,Quadrillion Btu
FFTCBUS,1979-12-01,6.682671,9,Total Fossil Fuels Consumption,Quadrillion Btu
FFTCBUS,1980-01-01,6.864636,9,Total Fossil Fuels Consumption,Quadrillion Btu
FFTCBUS,1980-02-01,6.482913,9,Total Fossil Fuels Consumption,Quadrillion Btu
FFTCBUS,1980-03-01,6.328141,9,Total Fossil Fuels Consumption,Quadrillion Btu
FFTCBUS,1980-04-01,5.470245,9,Total Fossil Fuels Consumption,Quadrillion Btu
FFTCBUS,1980-05-01,5.283326,9,Total Fossil Fuels Consumption,Quadrillion Btu
FFTCBUS,1980-06-01,5.168984,9,Total Fossil Fuels Consumption,Quadrillion Btu
FFTCBUS,1980-07-01,5.42874,9,Total Fossil Fuels Consumption,Quadrillion Btu
FFTCBUS,1980-08-01,5.36277,9,Total Fossil Fuels Consumption,Quadrillion Btu
FFTCBUS,1980-09-01,5.305752,9,Total Fossil Fuels Consumption,Quadrillion Btu
FFTCBUS,1980-10-01,5.640628,9,Total Fossil Fuels Consumption,Quadrillion Btu
FFTCBUS,1980-11-01,5.775618,9,Total Fossil Fuels Consumption,Quadrillion Btu
FFTCBUS,1980-12-01,6.667805,9,Total Fossil Fuels Consumption,Quadrillion Btu
FFTCBUS,1981-01-01,6.904959,9,Total Fossil Fuels Consumption,Quadrillion Btu
FFTCBUS,1981-02-01,5.810571,9,Total Fossil Fuels Consumption,Quadrillion Btu
FFTCBUS,1981-03-01,5.910062,9,Total Fossil Fuels Consumption,Quadrillion Btu
FFTCBUS,1981-04-01,5.20014,9,Total Fossil Fuels Consumption,Quadrillion Btu
FFTCBUS,1981-05-01,5.231949,9,Total Fossil Fuels Consumption,Quadrillion Btu
FFTCBUS,1981-06-01,5.255929,9,Total Fossil Fuels Consumption,Quadrillion Btu
FFTCBUS,1981-07-01,5.452931,9,Total Fossil Fuels Consumption,Quadrillion Btu
FFTCBUS,1981-08-01,5.352038,9,Total Fossil Fuels Consumption,Quadrillion Btu
FFTCBUS,1981-09-01,5.135095,9,Total Fossil Fuels Consumption,Quadrillion Btu
FFTCBUS,1981-10-01,5.490746,9,Total Fossil Fuels Consumption,Quadrillion Btu
FFTCBUS,1981-11-01,5.459212,9,Total Fossil Fuels Consumption,Quadrillion Btu
FFTCBUS,1981-12-01,6.315167,9,Total Fossil Fuels Consumption,Quadrillion Btu
FFTCBUS,1982-01-01,6.640697,9,Total Fossil Fuels Consumption,Quadrillion Btu
FFTCBUS,1982-02-01,5.750531,9,Total Fossil Fuels Consumption,Quadrillion Btu
FFTCBUS,1982-03-01,5.740713,9,Total Fossil Fuels Consumption,Quadrillion Btu
FFTCBUS,1982-04-01,5.27593,9,Total Fossil Fuels Consumption,Quadrillion Btu
FFTCBUS,1982-05-01,4.829676,9,Total Fossil Fuels Consumption,Quadrillion Btu
FFTCBUS,1982-06-01,4.78391,9,Total Fossil Fuels Consumption,Quadrillion Btu
FFTCBUS,1982-07-01,5.028317,9,Total Fossil Fuels Consumption,Quadrillion Btu
FFTCBUS,1982-08-01,5.047842,9,Total Fossil Fuels Consumption,Quadrillion Btu
FFTCBUS,1982-09-01,4.823564,9,Total Fossil Fuels Consumption,Quadrillion Btu
FFTCBUS,1982-10-01,5.017757,9,Total Fossil Fuels Consumption,Quadrillion Btu
FFTCBUS,1982-11-01,5.241011,9,Total Fossil Fuels Consumption,Quadrillion Btu
FFTCBUS,1982-12-01,5.655954,9,Total Fossil Fuels Consumption,Quadrillion Btu
FFTCBUS,1983-01-01,6.062504,9,Total Fossil Fuels Consumption,Quadrillion Btu
FFTCBUS,1983-02-01,5.290891,9,Total Fossil Fuels Consumption,Quadrillion Btu
FFTCBUS,1983-03-01,5.58921,9,Total Fossil Fuels Consumption,Quadrillion Btu
FFTCBUS,1983-04-01,5.055553,9,Total Fossil Fuels Consumption,Quadrillion Btu
FFTCBUS,1983-05-01,4.862973,9,Total Fossil Fuels Consumption,Quadrillion Btu
FFTCBUS,1983-06-01,4.836114,9,Total Fossil Fuels Consumption,Quadrillion Btu
FFTCBUS,1983-07-01,5.100754,9,Total Fossil Fuels Consumption,Quadrillion Btu
FFTCBUS,1983-08-01,5.303409,9,Total Fossil Fuels Consumption,Quadrillion Btu
FFTCBUS,1983-09-01,4.938737,9,Total Fossil Fuels Consumption,Quadrillion Btu
FFTCBUS,1983-10-01,4.933914,9,Total Fossil Fuels Consumption,Quadrillion Btu
FFTCBUS,1983-11-01,5.145302,9,Total Fossil Fuels Consumption,Quadrillion Btu
FFTCBUS,1983-12-01,5.977512,9,Total Fossil Fuels Consumption,Quadrillion Btu
FFTCBUS,1984-01-01,6.755532,9,Total Fossil Fuels Consumption,Quadrillion Btu
FFTCBUS,1984-02-01,5.770207,9,Total Fossil Fuels Consumption,Quadrillion Btu
FFTCBUS,1984-03-01,5.973514,9,Total Fossil Fuels Consumption,Quadrillion Btu
FFTCBUS,1984-04-01,5.431746,9,Total Fossil Fuels Consumption,Quadrillion Btu
FFTCBUS,1984-05-01,5.286097,9,Total Fossil Fuels Consumption,Quadrillion Btu
FFTCBUS,1984-06-01,5.188581,9,Total Fossil Fuels Consumption,Quadrillion Btu
FFTCBUS,1984-07-01,5.288875,9,Total Fossil Fuels Consumption,Quadrillion Btu
FFTCBUS,1984-08-01,5.46417,9,Total Fossil Fuels Consumption,Quadrillion Btu
FFTCBUS,1984-09-01,4.961915,9,Total Fossil Fuels Consumption,Quadrillion Btu
FFTCBUS,1984-10-01,5.19925,9,Total Fossil Fuels Consumption,Quadrillion Btu
FFTCBUS,1984-11-01,5.337341,9,Total Fossil Fuels Consumption,Quadrillion Btu
FFTCBUS,1984-12-01,5.788606,9,Total Fossil Fuels Consumption,Quadrillion Btu
FFTCBUS,1985-01-01,6.42789,9,Total Fossil Fuels Consumption,Quadrillion Btu
FFTCBUS,1985-02-01,6.03303,9,Total Fossil Fuels Consumption,Quadrillion Btu
FFTCBUS,1985-03-01,5.710393,9,Total Fossil Fuels Consumption,Quadrillion Btu
FFTCBUS,1985-04-01,5.302405,9,Total Fossil Fuels Consumption,Quadrillion Btu
FFTCBUS,1985-05-01,5.146409,9,Total Fossil Fuels Consumption,Quadrillion Btu
FFTCBUS,1985-06-01,5.033449,9,Total Fossil Fuels Consumption,Quadrillion Btu
FFTCBUS,1985-07-01,5.309635,9,Total Fossil Fuels Consumption,Quadrillion Btu
FFTCBUS,1985-08-01,5.395869,9,Total Fossil Fuels Consumption,Quadrillion Btu
FFTCBUS,1985-09-01,4.925617,9,Total Fossil Fuels Consumption,Quadrillion Btu
FFTCBUS,1985-10-01,5.207793,9,Total Fossil Fuels Consumption,Quadrillion Btu
FFTCBUS,1985-11-01,5.228088,9,Total Fossil Fuels Consumption,Quadrillion Btu
FFTCBUS,1985-12-01,6.315121,9,Total Fossil Fuels Consumption,Quadrillion Btu
FFTCBUS,1986-01-01,6.514033,9,Total Fossil Fuels Consumption,Quadrillion Btu
FFTCBUS,1986-02-01,5.785886,9,Total Fossil Fuels Consumption,Quadrillion Btu
FFTCBUS,1986-03-01,5.883728,9,Total Fossil Fuels Consumption,Quadrillion Btu
FFTCBUS,1986-04-01,5.239137,9,Total Fossil Fuels Consumption,Quadrillion Btu
FFTCBUS,1986-05-01,5.206938,9,Total Fossil Fuels Consumption,Quadrillion Btu
FFTCBUS,1986-06-01,5.147695,9,Total Fossil Fuels Consumption,Quadrillion Btu
FFTCBUS,1986-07-01,5.451039,9,Total Fossil Fuels Consumption,Quadrillion Btu
FFTCBUS,1986-08-01,5.331362,9,Total Fossil Fuels Consumption,Quadrillion Btu
FFTCBUS,1986-09-01,4.947904,9,Total Fossil Fuels Consumption,Quadrillion Btu
FFTCBUS,1986-10-01,5.164399,9,Total Fossil Fuels Consumption,Quadrillion Btu
FFTCBUS,1986-11-01,5.247547,9,Total Fossil Fuels Consumption,Quadrillion Btu
FFTCBUS,1986-12-01,6.066258,9,Total Fossil Fuels Consumption,Quadrillion Btu
FFTCBUS,1987-01-01,6.520368,9,Total Fossil Fuels Consumption,Quadrillion Btu
FFTCBUS,1987-02-01,5.879311,9,Total Fossil Fuels Consumption,Quadrillion Btu
FFTCBUS,1987-03-01,5.863944,9,Total Fossil Fuels Consumption,Quadrillion Btu
FFTCBUS,1987-04-01,5.470761,9,Total Fossil Fuels Consumption,Quadrillion Btu
FFTCBUS,1987-05-01,5.319684,9,Total Fossil Fuels Consumption,Quadrillion Btu
FFTCBUS,1987-06-01,5.417632,9,Total Fossil Fuels Consumption,Quadrillion Btu
FFTCBUS,1987-07-01,5.724864,9,Total Fossil Fuels Consumption,Quadrillion Btu
FFTCBUS,1987-08-01,5.618573,9,Total Fossil Fuels Consumption,Quadrillion Btu
FFTCBUS,1987-09-01,5.26135,9,Total Fossil Fuels Consumption,Quadrillion Btu
FFTCBUS,1987-10-01,5.527906,9,Total Fossil Fuels Consumption,Quadrillion Btu
FFTCBUS,1987-11-01,5.517998,9,Total Fossil Fuels Consumption,Quadrillion Btu
FFTCBUS,1987-12-01,6.352849,9,Total Fossil Fuels Consumption,Quadrillion Btu
FFTCBUS,1988-01-01,6.820914,9,Total Fossil Fuels Consumption,Quadrillion Btu
FFTCBUS,1988-02-01,6.402514,9,Total Fossil Fuels Consumption,Quadrillion Btu
FFTCBUS,1988-03-01,6.351358,9,Total Fossil Fuels Consumption,Quadrillion Btu
FFTCBUS,1988-04-01,5.560392,9,Total Fossil Fuels Consumption,Quadrillion Btu
FFTCBUS,1988-05-01,5.466201,9,Total Fossil Fuels Consumption,Quadrillion Btu
FFTCBUS,1988-06-01,5.577641,9,Total Fossil Fuels Consumption,Quadrillion Btu
FFTCBUS,1988-07-01,5.763547,9,Total Fossil Fuels Consumption,Quadrillion Btu
FFTCBUS,1988-08-01,6.018489,9,Total Fossil Fuels Consumption,Quadrillion Btu
FFTCBUS,1988-09-01,5.415734,9,Total Fossil Fuels Consumption,Quadrillion Btu
FFTCBUS,1988-10-01,5.704981,9,Total Fossil Fuels Consumption,Quadrillion Btu
FFTCBUS,1988-11-01,5.829882,9,Total Fossil Fuels Consumption,Quadrillion Btu
FFTCBUS,1988-12-01,6.596231,9,Total Fossil Fuels Consumption,Quadrillion Btu
FFTCBUS,1989-01-01,6.634584,9,Total Fossil Fuels Consumption,Quadrillion Btu
FFTCBUS,1989-02-01,6.352085,9,Total Fossil Fuels Consumption,Quadrillion Btu
FFTCBUS,1989-03-01,6.586898,9,Total Fossil Fuels Consumption,Quadrillion Btu
FFTCBUS,1989-04-01,5.772522,9,Total Fossil Fuels Consumption,Quadrillion Btu
FFTCBUS,1989-05-01,5.66289,9,Total Fossil Fuels Consumption,Quadrillion Btu
FFTCBUS,1989-06-01,5.687456,9,Total Fossil Fuels Consumption,Quadrillion Btu
FFTCBUS,1989-07-01,5.769796,9,Total Fossil Fuels Consumption,Quadrillion Btu
FFTCBUS,1989-08-01,5.927662,9,Total Fossil Fuels Consumption,Quadrillion Btu
FFTCBUS,1989-09-01,5.515428,9,Total Fossil Fuels Consumption,Quadrillion Btu
FFTCBUS,1989-10-01,5.818518,9,Total Fossil Fuels Consumption,Quadrillion Btu
FFTCBUS,1989-11-01,5.962743,9,Total Fossil Fuels Consumption,Quadrillion Btu
FFTCBUS,1989-12-01,7.175947,9,Total Fossil Fuels Consumption,Quadrillion Btu
FFTCBUS,1990-01-01,6.71583,9,Total Fossil Fuels Consumption,Quadrillion Btu
FFTCBUS,1990-02-01,5.970118,9,Total Fossil Fuels Consumption,Quadrillion Btu
FFTCBUS,1990-03-01,6.25336,9,Total Fossil Fuels Consumption,Quadrillion Btu
FFTCBUS,1990-04-01,5.83131,9,Total Fossil Fuels Consumption,Quadrillion Btu
FFTCBUS,1990-05-01,5.766968,9,Total Fossil Fuels Consumption,Quadrillion Btu
FFTCBUS,1990-06-01,5.763212,9,Total Fossil Fuels Consumption,Quadrillion Btu
FFTCBUS,1990-07-01,5.961692,9,Total Fossil Fuels Consumption,Quadrillion Btu
FFTCBUS,1990-08-01,6.188925,9,Total Fossil Fuels Consumption,Quadrillion Btu
FFTCBUS,1990-09-01,5.650824,9,Total Fossil Fuels Consumption,Quadrillion Btu
FFTCBUS,1990-10-01,5.882538,9,Total Fossil Fuels Consumption,Quadrillion Btu
FFTCBUS,1990-11-01,5.832145,9,Total Fossil Fuels Consumption,Quadrillion Btu
FFTCBUS,1990-12-01,6.464655,9,Total Fossil Fuels Consumption,Quadrillion Btu
FFTCBUS,1991-01-01,6.931248,9,Total Fossil Fuels Consumption,Quadrillion Btu
FFTCBUS,1991-02-01,5.892879,9,Total Fossil Fuels Consumption,Quadrillion Btu
FFTCBUS,1991-03-01,6.101053,9,Total Fossil Fuels Consumption,Quadrillion Btu
FFTCBUS,1991-04-01,5.602625,9,Total Fossil Fuels Consumption,Quadrillion Btu
FFTCBUS,1991-05-01,5.618474,9,Total Fossil Fuels Consumption,Quadrillion Btu
FFTCBUS,1991-06-01,5.612394,9,Total Fossil Fuels Consumption,Quadrillion Btu
FFTCBUS,1991-07-01,5.955334,9,Total Fossil Fuels Consumption,Quadrillion Btu
FFTCBUS,1991-08-01,5.978671,9,Total Fossil Fuels Consumption,Quadrillion Btu
FFTCBUS,1991-09-01,5.614724,9,Total Fossil Fuels Consumption,Quadrillion Btu
FFTCBUS,1991-10-01,5.883668,9,Total Fossil Fuels Consumption,Quadrillion Btu
FFTCBUS,1991-11-01,6.046869,9,Total Fossil Fuels Consumption,Quadrillion Btu
FFTCBUS,1991-12-01,6.586641,9,Total Fossil Fuels Consumption,Quadrillion Btu
FFTCBUS,1992-01-01,6.835561,9,Total Fossil Fuels Consumption,Quadrillion Btu
FFTCBUS,1992-02-01,6.234612,9,Total Fossil Fuels Consumption,Quadrillion Btu
FFTCBUS,1992-03-01,6.381501,9,Total Fossil Fuels Consumption,Quadrillion Btu
FFTCBUS,1992-04-01,5.94784,9,Total Fossil Fuels Consumption,Quadrillion Btu
FFTCBUS,1992-05-01,5.75883,9,Total Fossil Fuels Consumption,Quadrillion Btu
FFTCBUS,1992-06-01,5.675539,9,Total Fossil Fuels Consumption,Quadrillion Btu
FFTCBUS,1992-07-01,6.076354,9,Total Fossil Fuels Consumption,Quadrillion Btu
FFTCBUS,1992-08-01,5.915606,9,Total Fossil Fuels Consumption,Quadrillion Btu
FFTCBUS,1992-09-01,5.682676,9,Total Fossil Fuels Consumption,Quadrillion Btu
FFTCBUS,1992-10-01,5.908912,9,Total Fossil Fuels Consumption,Quadrillion Btu
FFTCBUS,1992-11-01,6.040422,9,Total Fossil Fuels Consumption,Quadrillion Btu
FFTCBUS,1992-12-01,6.881807,9,Total Fossil Fuels Consumption,Quadrillion Btu
FFTCBUS,1993-01-01,6.714885,9,Total Fossil Fuels Consumption,Quadrillion Btu
FFTCBUS,1993-02-01,6.395945,9,Total Fossil Fuels Consumption,Quadrillion Btu
FFTCBUS,1993-03-01,6.771593,9,Total Fossil Fuels Consumption,Quadrillion Btu
FFTCBUS,1993-04-01,5.917162,9,Total Fossil Fuels Consumption,Quadrillion Btu
FFTCBUS,1993-05-01,5.576916,9,Total Fossil Fuels Consumption,Quadrillion Btu
FFTCBUS,1993-06-01,5.780633,9,Total Fossil Fuels Consumption,Quadrillion Btu
FFTCBUS,1993-07-01,6.214218,9,Total Fossil Fuels Consumption,Quadrillion Btu
FFTCBUS,1993-08-01,6.23037,9,Total Fossil Fuels Consumption,Quadrillion Btu
FFTCBUS,1993-09-01,5.817883,9,Total Fossil Fuels Consumption,Quadrillion Btu
FFTCBUS,1993-10-01,6.036419,9,Total Fossil Fuels Consumption,Quadrillion Btu
FFTCBUS,1993-11-01,6.294266,9,Total Fossil Fuels Consumption,Quadrillion Btu
FFTCBUS,1993-12-01,6.929841,9,Total Fossil Fuels Consumption,Quadrillion Btu
FFTCBUS,1994-01-01,7.431876,9,Total Fossil Fuels Consumption,Quadrillion Btu
FFTCBUS,1994-02-01,6.733204,9,Total Fossil Fuels Consumption,Quadrillion Btu
FFTCBUS,1994-03-01,6.605446,9,Total Fossil Fuels Consumption,Quadrillion Btu
FFTCBUS,1994-04-01,6.000177,9,Total Fossil Fuels Consumption,Quadrillion Btu
FFTCBUS,1994-05-01,5.872698,9,Total Fossil Fuels Consumption,Quadrillion Btu
FFTCBUS,1994-06-01,6.111767,9,Total Fossil Fuels Consumption,Quadrillion Btu
FFTCBUS,1994-07-01,6.220659,9,Total Fossil Fuels Consumption,Quadrillion Btu
FFTCBUS,1994-08-01,6.345064,9,Total Fossil Fuels Consumption,Quadrillion Btu
FFTCBUS,1994-09-01,5.857132,9,Total Fossil Fuels Consumption,Quadrillion Btu
FFTCBUS,1994-10-01,6.05067,9,Total Fossil Fuels Consumption,Quadrillion Btu
FFTCBUS,1994-11-01,6.07539,9,Total Fossil Fuels Consumption,Quadrillion Btu
FFTCBUS,1994-12-01,6.846502,9,Total Fossil Fuels Consumption,Quadrillion Btu
FFTCBUS,1995-01-01,7.028515,9,Total Fossil Fuels Consumption,Quadrillion Btu
FFTCBUS,1995-02-01,6.561758,9,Total Fossil Fuels Consumption,Quadrillion Btu
FFTCBUS,1995-03-01,6.633216,9,Total Fossil Fuels Consumption,Quadrillion Btu
FFTCBUS,1995-04-01,6.039398,9,Total Fossil Fuels Consumption,Quadrillion Btu
FFTCBUS,1995-05-01,6.035281,9,Total Fossil Fuels Consumption,Quadrillion Btu
FFTCBUS,1995-06-01,6.06616,9,Total Fossil Fuels Consumption,Quadrillion Btu
FFTCBUS,1995-07-01,6.361742,9,Total Fossil Fuels Consumption,Quadrillion Btu
FFTCBUS,1995-08-01,6.674332,9,Total Fossil Fuels Consumption,Quadrillion Btu
FFTCBUS,1995-09-01,6.040399,9,Total Fossil Fuels Consumption,Quadrillion Btu
FFTCBUS,1995-10-01,6.083335,9,Total Fossil Fuels Consumption,Quadrillion Btu
FFTCBUS,1995-11-01,6.451528,9,Total Fossil Fuels Consumption,Quadrillion Btu
FFTCBUS,1995-12-01,7.187681,9,Total Fossil Fuels Consumption,Quadrillion Btu
FFTCBUS,1996-01-01,7.499915,9,Total Fossil Fuels Consumption,Quadrillion Btu
FFTCBUS,1996-02-01,6.934096,9,Total Fossil Fuels Consumption,Quadrillion Btu
FFTCBUS,1996-03-01,6.969688,9,Total Fossil Fuels Consumption,Quadrillion Btu
FFTCBUS,1996-04-01,6.266615,9,Total Fossil Fuels Consumption,Quadrillion Btu
FFTCBUS,1996-05-01,6.272672,9,Total Fossil Fuels Consumption,Quadrillion Btu
FFTCBUS,1996-06-01,6.221216,9,Total Fossil Fuels Consumption,Quadrillion Btu
FFTCBUS,1996-07-01,6.492192,9,Total Fossil Fuels Consumption,Quadrillion Btu
FFTCBUS,1996-08-01,6.611527,9,Total Fossil Fuels Consumption,Quadrillion Btu
FFTCBUS,1996-09-01,6.048659,9,Total Fossil Fuels Consumption,Quadrillion Btu
FFTCBUS,1996-10-01,6.507758,9,Total Fossil Fuels Consumption,Quadrillion Btu
FFTCBUS,1996-11-01,6.676654,9,Total Fossil Fuels Consumption,Quadrillion Btu
FFTCBUS,1996-12-01,7.198654,9,Total Fossil Fuels Consumption,Quadrillion Btu
FFTCBUS,1997-01-01,7.567747,9,Total Fossil Fuels Consumption,Quadrillion Btu
FFTCBUS,1997-02-01,6.685037,9,Total Fossil Fuels Consumption,Quadrillion Btu
FFTCBUS,1997-03-01,6.818842,9,Total Fossil Fuels Consumption,Quadrillion Btu
FFTCBUS,1997-04-01,6.438344,9,Total Fossil Fuels Consumption,Quadrillion Btu
FFTCBUS,1997-05-01,6.334819,9,Total Fossil Fuels Consumption,Quadrillion Btu
FFTCBUS,1997-06-01,6.301964,9,Total Fossil Fuels Consumption,Quadrillion Btu
FFTCBUS,1997-07-01,6.864248,9,Total Fossil Fuels Consumption,Quadrillion Btu
FFTCBUS,1997-08-01,6.688172,9,Total Fossil Fuels Consumption,Quadrillion Btu
FFTCBUS,1997-09-01,6.338503,9,Total Fossil Fuels Consumption,Quadrillion Btu
FFTCBUS,1997-10-01,6.594252,9,Total Fossil Fuels Consumption,Quadrillion Btu
FFTCBUS,1997-11-01,6.676918,9,Total Fossil Fuels Consumption,Quadrillion Btu
FFTCBUS,1997-12-01,7.472125,9,Total Fossil Fuels Consumption,Quadrillion Btu
FFTCBUS,1998-01-01,7.403689,9,Total Fossil Fuels Consumption,Quadrillion Btu
FFTCBUS,1998-02-01,6.569874,9,Total Fossil Fuels Consumption,Quadrillion Btu
FFTCBUS,1998-03-01,7.012227,9,Total Fossil Fuels Consumption,Quadrillion Btu
FFTCBUS,1998-04-01,6.454305,9,Total Fossil Fuels Consumption,Quadrillion Btu
FFTCBUS,1998-05-01,6.421263,9,Total Fossil Fuels Consumption,Quadrillion Btu
FFTCBUS,1998-06-01,6.585208,9,Total Fossil Fuels Consumption,Quadrillion Btu
FFTCBUS,1998-07-01,7.053682,9,Total Fossil Fuels Consumption,Quadrillion Btu
FFTCBUS,1998-08-01,7.040388,9,Total Fossil Fuels Consumption,Quadrillion Btu
FFTCBUS,1998-09-01,6.519245,9,Total Fossil Fuels Consumption,Quadrillion Btu
FFTCBUS,1998-10-01,6.514528,9,Total Fossil Fuels Consumption,Quadrillion Btu
FFTCBUS,1998-11-01,6.445165,9,Total Fossil Fuels Consumption,Quadrillion Btu
FFTCBUS,1998-12-01,7.254417,9,Total Fossil Fuels Consumption,Quadrillion Btu
FFTCBUS,1999-01-01,7.627163,9,Total Fossil Fuels Consumption,Quadrillion Btu
FFTCBUS,1999-02-01,6.672181,9,Total Fossil Fuels Consumption,Quadrillion Btu
FFTCBUS,1999-03-01,7.188621,9,Total Fossil Fuels Consumption,Quadrillion Btu
FFTCBUS,1999-04-01,6.590746,9,Total Fossil Fuels Consumption,Quadrillion Btu
FFTCBUS,1999-05-01,6.418875,9,Total Fossil Fuels Consumption,Quadrillion Btu
FFTCBUS,1999-06-01,6.571305,9,Total Fossil Fuels Consumption,Quadrillion Btu
FFTCBUS,1999-07-01,7.067383,9,Total Fossil Fuels Consumption,Quadrillion Btu
FFTCBUS,1999-08-01,7.108281,9,Total Fossil Fuels Consumption,Quadrillion Btu
FFTCBUS,1999-09-01,6.479405,9,Total Fossil Fuels Consumption,Quadrillion Btu
FFTCBUS,1999-10-01,6.666627,9,Total Fossil Fuels Consumption,Quadrillion Btu
FFTCBUS,1999-11-01,6.494068,9,Total Fossil Fuels Consumption,Quadrillion Btu
FFTCBUS,1999-12-01,7.43838,9,Total Fossil Fuels Consumption,Quadrillion Btu
FFTCBUS,2000-01-01,7.692062,9,Total Fossil Fuels Consumption,Quadrillion Btu
FFTCBUS,2000-02-01,7.222425,9,Total Fossil Fuels Consumption,Quadrillion Btu
FFTCBUS,2000-03-01,7.071465,9,Total Fossil Fuels Consumption,Quadrillion Btu
FFTCBUS,2000-04-01,6.486421,9,Total Fossil Fuels Consumption,Quadrillion Btu
FFTCBUS,2000-05-01,6.789661,9,Total Fossil Fuels Consumption,Quadrillion Btu
FFTCBUS,2000-06-01,6.783197,9,Total Fossil Fuels Consumption,Quadrillion Btu
FFTCBUS,2000-07-01,6.970518,9,Total Fossil Fuels Consumption,Quadrillion Btu
FFTCBUS,2000-08-01,7.320572,9,Total Fossil Fuels Consumption,Quadrillion Btu
FFTCBUS,2000-09-01,6.629874,9,Total Fossil Fuels Consumption,Quadrillion Btu
FFTCBUS,2000-10-01,6.738354,9,Total Fossil Fuels Consumption,Quadrillion Btu
FFTCBUS,2000-11-01,6.858912,9,Total Fossil Fuels Consumption,Quadrillion Btu
FFTCBUS,2000-12-01,8.058291,9,Total Fossil Fuels Consumption,Quadrillion Btu
FFTCBUS,2001-01-01,8.058063,9,Total Fossil Fuels Consumption,Quadrillion Btu
FFTCBUS,2001-02-01,7.026546,9,Total Fossil Fuels Consumption,Quadrillion Btu
FFTCBUS,2001-03-01,7.362239,9,Total Fossil Fuels Consumption,Quadrillion Btu
FFTCBUS,2001-04-01,6.620594,9,Total Fossil Fuels Consumption,Quadrillion Btu
FFTCBUS,2001-05-01,6.542012,9,Total Fossil Fuels Consumption,Quadrillion Btu
FFTCBUS,2001-06-01,6.482683,9,Total Fossil Fuels Consumption,Quadrillion Btu
FFTCBUS,2001-07-01,6.97562,9,Total Fossil Fuels Consumption,Quadrillion Btu
FFTCBUS,2001-08-01,7.134657,9,Total Fossil Fuels Consumption,Quadrillion Btu
FFTCBUS,2001-09-01,6.340761,9,Total Fossil Fuels Consumption,Quadrillion Btu
FFTCBUS,2001-10-01,6.670422,9,Total Fossil Fuels Consumption,Quadrillion Btu
FFTCBUS,2001-11-01,6.487865,9,Total Fossil Fuels Consumption,Quadrillion Btu
FFTCBUS,2001-12-01,7.0983,9,Total Fossil Fuels Consumption,Quadrillion Btu
FFTCBUS,2002-01-01,7.568672,9,Total Fossil Fuels Consumption,Quadrillion Btu
FFTCBUS,2002-02-01,6.777398,9,Total Fossil Fuels Consumption,Quadrillion Btu
FFTCBUS,2002-03-01,7.23929,9,Total Fossil Fuels Consumption,Quadrillion Btu
FFTCBUS,2002-04-01,6.654541,9,Total Fossil Fuels Consumption,Quadrillion Btu
FFTCBUS,2002-05-01,6.612856,9,Total Fossil Fuels Consumption,Quadrillion Btu
FFTCBUS,2002-06-01,6.657799,9,Total Fossil Fuels Consumption,Quadrillion Btu
FFTCBUS,2002-07-01,7.152411,9,Total Fossil Fuels Consumption,Quadrillion Btu
FFTCBUS,2002-08-01,7.126571,9,Total Fossil Fuels Consumption,Quadrillion Btu
FFTCBUS,2002-09-01,6.550505,9,Total Fossil Fuels Consumption,Quadrillion Btu
FFTCBUS,2002-10-01,6.720017,9,Total Fossil Fuels Consumption,Quadrillion Btu
FFTCBUS,2002-11-01,6.909449,9,Total Fossil Fuels Consumption,Quadrillion Btu
FFTCBUS,2002-12-01,7.622747,9,Total Fossil Fuels Consumption,Quadrillion Btu
FFTCBUS,2003-01-01,8.039713,9,Total Fossil Fuels Consumption,Quadrillion Btu
FFTCBUS,2003-02-01,7.352223,9,Total Fossil Fuels Consumption,Quadrillion Btu
FFTCBUS,2003-03-01,7.250885,9,Total Fossil Fuels Consumption,Quadrillion Btu
FFTCBUS,2003-04-01,6.563808,9,Total Fossil Fuels Consumption,Quadrillion Btu
FFTCBUS,2003-05-01,6.456592,9,Total Fossil Fuels Consumption,Quadrillion Btu
FFTCBUS,2003-06-01,6.424067,9,Total Fossil Fuels Consumption,Quadrillion Btu
FFTCBUS,2003-07-01,7.014799,9,Total Fossil Fuels Consumption,Quadrillion Btu
FFTCBUS,2003-08-01,7.162053,9,Total Fossil Fuels Consumption,Quadrillion Btu
FFTCBUS,2003-09-01,6.499037,9,Total Fossil Fuels Consumption,Quadrillion Btu
FFTCBUS,2003-10-01,6.708386,9,Total Fossil Fuels Consumption,Quadrillion Btu
FFTCBUS,2003-11-01,6.753287,9,Total Fossil Fuels Consumption,Quadrillion Btu
FFTCBUS,2003-12-01,7.684241,9,Total Fossil Fuels Consumption,Quadrillion Btu
FFTCBUS,2004-01-01,8.096323,9,Total Fossil Fuels Consumption,Quadrillion Btu
FFTCBUS,2004-02-01,7.589798,9,Total Fossil Fuels Consumption,Quadrillion Btu
FFTCBUS,2004-03-01,7.263378,9,Total Fossil Fuels Consumption,Quadrillion Btu
FFTCBUS,2004-04-01,6.692449,9,Total Fossil Fuels Consumption,Quadrillion Btu
FFTCBUS,2004-05-01,6.765564,9,Total Fossil Fuels Consumption,Quadrillion Btu
FFTCBUS,2004-06-01,6.739287,9,Total Fossil Fuels Consumption,Quadrillion Btu
FFTCBUS,2004-07-01,7.121877,9,Total Fossil Fuels Consumption,Quadrillion Btu
FFTCBUS,2004-08-01,7.099052,9,Total Fossil Fuels Consumption,Quadrillion Btu
FFTCBUS,2004-09-01,6.65937,9,Total Fossil Fuels Consumption,Quadrillion Btu
FFTCBUS,2004-10-01,6.817708,9,Total Fossil Fuels Consumption,Quadrillion Btu
FFTCBUS,2004-11-01,6.945019,9,Total Fossil Fuels Consumption,Quadrillion Btu
FFTCBUS,2004-12-01,7.876444,9,Total Fossil Fuels Consumption,Quadrillion Btu
FFTCBUS,2005-01-01,8.015701,9,Total Fossil Fuels Consumption,Quadrillion Btu
FFTCBUS,2005-02-01,7.152356,9,Total Fossil Fuels Consumption,Quadrillion Btu
FFTCBUS,2005-03-01,7.55195,9,Total Fossil Fuels Consumption,Quadrillion Btu
FFTCBUS,2005-04-01,6.615682,9,Total Fossil Fuels Consumption,Quadrillion Btu
FFTCBUS,2005-05-01,6.708309,9,Total Fossil Fuels Consumption,Quadrillion Btu
FFTCBUS,2005-06-01,6.914146,9,Total Fossil Fuels Consumption,Quadrillion Btu
FFTCBUS,2005-07-01,7.266962,9,Total Fossil Fuels Consumption,Quadrillion Btu
FFTCBUS,2005-08-01,7.413572,9,Total Fossil Fuels Consumption,Quadrillion Btu
FFTCBUS,2005-09-01,6.621822,9,Total Fossil Fuels Consumption,Quadrillion Btu
FFTCBUS,2005-10-01,6.660177,9,Total Fossil Fuels Consumption,Quadrillion Btu
FFTCBUS,2005-11-01,6.78902,9,Total Fossil Fuels Consumption,Quadrillion Btu
FFTCBUS,2005-12-01,7.91297,9,Total Fossil Fuels Consumption,Quadrillion Btu
FFTCBUS,2006-01-01,7.470393,9,Total Fossil Fuels Consumption,Quadrillion Btu
FFTCBUS,2006-02-01,7.004642,9,Total Fossil Fuels Consumption,Quadrillion Btu
FFTCBUS,2006-03-01,7.361981,9,Total Fossil Fuels Consumption,Quadrillion Btu
FFTCBUS,2006-04-01,6.523944,9,Total Fossil Fuels Consumption,Quadrillion Btu
FFTCBUS,2006-05-01,6.678094,9,Total Fossil Fuels Consumption,Quadrillion Btu
FFTCBUS,2006-06-01,6.819267,9,Total Fossil Fuels Consumption,Quadrillion Btu
FFTCBUS,2006-07-01,7.294424,9,Total Fossil Fuels Consumption,Quadrillion Btu
FFTCBUS,2006-08-01,7.432139,9,Total Fossil Fuels Consumption,Quadrillion Btu
FFTCBUS,2006-09-01,6.606302,9,Total Fossil Fuels Consumption,Quadrillion Btu
FFTCBUS,2006-10-01,6.921649,9,Total Fossil Fuels Consumption,Quadrillion Btu
FFTCBUS,2006-11-01,6.862516,9,Total Fossil Fuels Consumption,Quadrillion Btu
FFTCBUS,2006-12-01,7.501847,9,Total Fossil Fuels Consumption,Quadrillion Btu
FFTCBUS,2007-01-01,7.838025,9,Total Fossil Fuels Consumption,Quadrillion Btu
FFTCBUS,2007-02-01,7.566001,9,Total Fossil Fuels Consumption,Quadrillion Btu
FFTCBUS,2007-03-01,7.29742,9,Total Fossil Fuels Consumption,Quadrillion Btu
FFTCBUS,2007-04-01,6.739492,9,Total Fossil Fuels Consumption,Quadrillion Btu
FFTCBUS,2007-05-01,6.726061,9,Total Fossil Fuels Consumption,Quadrillion Btu
FFTCBUS,2007-06-01,6.798607,9,Total Fossil Fuels Consumption,Quadrillion Btu
FFTCBUS,2007-07-01,7.145962,9,Total Fossil Fuels Consumption,Quadrillion Btu
FFTCBUS,2007-08-01,7.49518,9,Total Fossil Fuels Consumption,Quadrillion Btu
FFTCBUS,2007-09-01,6.737768,9,Total Fossil Fuels Consumption,Quadrillion Btu
FFTCBUS,2007-10-01,6.807023,9,Total Fossil Fuels Consumption,Quadrillion Btu
FFTCBUS,2007-11-01,6.883434,9,Total Fossil Fuels Consumption,Quadrillion Btu
FFTCBUS,2007-12-01,7.770058,9,Total Fossil Fuels Consumption,Quadrillion Btu
FFTCBUS,2008-01-01,8.066247,9,Total Fossil Fuels Consumption,Quadrillion Btu
FFTCBUS,2008-02-01,7.416912,9,Total Fossil Fuels Consumption,Quadrillion Btu
FFTCBUS,2008-03-01,7.303725,9,Total Fossil Fuels Consumption,Quadrillion Btu
FFTCBUS,2008-04-01,6.617114,9,Total Fossil Fuels Consumption,Quadrillion Btu
FFTCBUS,2008-05-01,6.539491,9,Total Fossil Fuels Consumption,Quadrillion Btu
FFTCBUS,2008-06-01,6.618345,9,Total Fossil Fuels Consumption,Quadrillion Btu
FFTCBUS,2008-07-01,6.974474,9,Total Fossil Fuels Consumption,Quadrillion Btu
FFTCBUS,2008-08-01,6.840556,9,Total Fossil Fuels Consumption,Quadrillion Btu
FFTCBUS,2008-09-01,6.104693,9,Total Fossil Fuels Consumption,Quadrillion Btu
FFTCBUS,2008-10-01,6.563795,9,Total Fossil Fuels Consumption,Quadrillion Btu
FFTCBUS,2008-11-01,6.588885,9,Total Fossil Fuels Consumption,Quadrillion Btu
FFTCBUS,2008-12-01,7.40631,9,Total Fossil Fuels Consumption,Quadrillion Btu
FFTCBUS,2009-01-01,7.722378,9,Total Fossil Fuels Consumption,Quadrillion Btu
FFTCBUS,2009-02-01,6.649806,9,Total Fossil Fuels Consumption,Quadrillion Btu
FFTCBUS,2009-03-01,6.714718,9,Total Fossil Fuels Consumption,Quadrillion Btu
FFTCBUS,2009-04-01,6.051653,9,Total Fossil Fuels Consumption,Quadrillion Btu
FFTCBUS,2009-05-01,5.889515,9,Total Fossil Fuels Consumption,Quadrillion Btu
FFTCBUS,2009-06-01,6.102856,9,Total Fossil Fuels Consumption,Quadrillion Btu
FFTCBUS,2009-07-01,6.385124,9,Total Fossil Fuels Consumption,Quadrillion Btu
FFTCBUS,2009-08-01,6.565902,9,Total Fossil Fuels Consumption,Quadrillion Btu
FFTCBUS,2009-09-01,5.996211,9,Total Fossil Fuels Consumption,Quadrillion Btu
FFTCBUS,2009-10-01,6.216283,9,Total Fossil Fuels Consumption,Quadrillion Btu
FFTCBUS,2009-11-01,6.173966,9,Total Fossil Fuels Consumption,Quadrillion Btu
FFTCBUS,2009-12-01,7.394065,9,Total Fossil Fuels Consumption,Quadrillion Btu
FFTCBUS,2010-01-01,7.674596,9,Total Fossil Fuels Consumption,Quadrillion Btu
FFTCBUS,2010-02-01,6.890472,9,Total Fossil Fuels Consumption,Quadrillion Btu
FFTCBUS,2010-03-01,6.81611,9,Total Fossil Fuels Consumption,Quadrillion Btu
FFTCBUS,2010-04-01,6.078281,9,Total Fossil Fuels Consumption,Quadrillion Btu
FFTCBUS,2010-05-01,6.233575,9,Total Fossil Fuels Consumption,Quadrillion Btu
FFTCBUS,2010-06-01,6.504583,9,Total Fossil Fuels Consumption,Quadrillion Btu
FFTCBUS,2010-07-01,6.887004,9,Total Fossil Fuels Consumption,Quadrillion Btu
FFTCBUS,2010-08-01,6.999945,9,Total Fossil Fuels Consumption,Quadrillion Btu
FFTCBUS,2010-09-01,6.317627,9,Total Fossil Fuels Consumption,Quadrillion Btu
FFTCBUS,2010-10-01,6.173845,9,Total Fossil Fuels Consumption,Quadrillion Btu
FFTCBUS,2010-11-01,6.439027,9,Total Fossil Fuels Consumption,Quadrillion Btu
FFTCBUS,2010-12-01,7.70799,9,Total Fossil Fuels Consumption,Quadrillion Btu
FFTCBUS,2011-01-01,7.776325,9,Total Fossil Fuels Consumption,Quadrillion Btu
FFTCBUS,2011-02-01,6.699789,9,Total Fossil Fuels Consumption,Quadrillion Btu
FFTCBUS,2011-03-01,6.812883,9,Total Fossil Fuels Consumption,Quadrillion Btu
FFTCBUS,2011-04-01,6.092503,9,Total Fossil Fuels Consumption,Quadrillion Btu
FFTCBUS,2011-05-01,6.120641,9,Total Fossil Fuels Consumption,Quadrillion Btu
FFTCBUS,2011-06-01,6.349218,9,Total Fossil Fuels Consumption,Quadrillion Btu
FFTCBUS,2011-07-01,6.801611,9,Total Fossil Fuels Consumption,Quadrillion Btu
FFTCBUS,2011-08-01,6.877569,9,Total Fossil Fuels Consumption,Quadrillion Btu
FFTCBUS,2011-09-01,6.159359,9,Total Fossil Fuels Consumption,Quadrillion Btu
FFTCBUS,2011-10-01,6.182237,9,Total Fossil Fuels Consumption,Quadrillion Btu
FFTCBUS,2011-11-01,6.355753,9,Total Fossil Fuels Consumption,Quadrillion Btu
FFTCBUS,2011-12-01,7.034714,9,Total Fossil Fuels Consumption,Quadrillion Btu
FFTCBUS,2012-01-01,7.144212,9,Total Fossil Fuels Consumption,Quadrillion Btu
FFTCBUS,2012-02-01,6.591734,9,Total Fossil Fuels Consumption,Quadrillion Btu
FFTCBUS,2012-03-01,6.215814,9,Total Fossil Fuels Consumption,Quadrillion Btu
FFTCBUS,2012-04-01,5.839891,9,Total Fossil Fuels Consumption,Quadrillion Btu
FFTCBUS,2012-05-01,6.124276,9,Total Fossil Fuels Consumption,Quadrillion Btu
FFTCBUS,2012-06-01,6.247402,9,Total Fossil Fuels Consumption,Quadrillion Btu
FFTCBUS,2012-07-01,6.789834,9,Total Fossil Fuels Consumption,Quadrillion Btu
FFTCBUS,2012-08-01,6.746537,9,Total Fossil Fuels Consumption,Quadrillion Btu
FFTCBUS,2012-09-01,6.019045,9,Total Fossil Fuels Consumption,Quadrillion Btu
FFTCBUS,2012-10-01,6.236452,9,Total Fossil Fuels Consumption,Quadrillion Btu
FFTCBUS,2012-11-01,6.462099,9,Total Fossil Fuels Consumption,Quadrillion Btu
FFTCBUS,2012-12-01,6.886605,9,Total Fossil Fuels Consumption,Quadrillion Btu
FFTCBUS,2013-01-01,7.413982,9,Total Fossil Fuels Consumption,Quadrillion Btu
FFTCBUS,2013-02-01,6.636237,9,Total Fossil Fuels Consumption,Quadrillion Btu
FFTCBUS,2013-03-01,6.918264,9,Total Fossil Fuels Consumption,Quadrillion Btu
FFTCBUS,2013-04-01,6.076252,9,Total Fossil Fuels Consumption,Quadrillion Btu
FFTCBUS,2013-05-01,6.060583,9,Total Fossil Fuels Consumption,Quadrillion Btu
FFTCBUS,2013-06-01,6.163129,9,Total Fossil Fuels Consumption,Quadrillion Btu
FFTCBUS,2013-07-01,6.679546,9,Total Fossil Fuels Consumption,Quadrillion Btu
FFTCBUS,2013-08-01,6.638514,9,Total Fossil Fuels Consumption,Quadrillion Btu
FFTCBUS,2013-09-01,6.209405,9,Total Fossil Fuels Consumption,Quadrillion Btu
FFTCBUS,2013-10-01,6.275289,9,Total Fossil Fuels Consumption,Quadrillion Btu
FFTCBUS,2013-11-01,6.656275,9,Total Fossil Fuels Consumption,Quadrillion Btu
FFTCBUS,2013-12-01,7.496801,9,Total Fossil Fuels Consumption,Quadrillion Btu
FFTCBUS,2014-01-01,7.981908,9,Total Fossil Fuels Consumption,Quadrillion Btu
FFTCBUS,2014-02-01,7.045436,9,Total Fossil Fuels Consumption,Quadrillion Btu
FFTCBUS,2014-03-01,6.99032,9,Total Fossil Fuels Consumption,Quadrillion Btu
FFTCBUS,2014-04-01,6.07762,9,Total Fossil Fuels Consumption,Quadrillion Btu
FFTCBUS,2014-05-01,6.099528,9,Total Fossil Fuels Consumption,Quadrillion Btu
FFTCBUS,2014-06-01,6.178278,9,Total Fossil Fuels Consumption,Quadrillion Btu
FFTCBUS,2014-07-01,6.61897,9,Total Fossil Fuels Consumption,Quadrillion Btu
FFTCBUS,2014-08-01,6.662978,9,Total Fossil Fuels Consumption,Quadrillion Btu
FFTCBUS,2014-09-01,6.190374,9,Total Fossil Fuels Consumption,Quadrillion Btu
FFTCBUS,2014-10-01,6.311486,9,Total Fossil Fuels Consumption,Quadrillion Btu
FFTCBUS,2014-11-01,6.679229,9,Total Fossil Fuels Consumption,Quadrillion Btu
FFTCBUS,2014-12-01,7.180598,9,Total Fossil Fuels Consumption,Quadrillion Btu
FFTCBUS,2015-01-01,7.682537,9,Total Fossil Fuels Consumption,Quadrillion Btu
FFTCBUS,2015-02-01,7.159352,9,Total Fossil Fuels Consumption,Quadrillion Btu
FFTCBUS,2015-03-01,6.899031,9,Total Fossil Fuels Consumption,Quadrillion Btu
FFTCBUS,2015-04-01,5.984159,9,Total Fossil Fuels Consumption,Quadrillion Btu
FFTCBUS,2015-05-01,6.101003,9,Total Fossil Fuels Consumption,Quadrillion Btu
FFTCBUS,2015-06-01,6.36044,9,Total Fossil Fuels Consumption,Quadrillion Btu
FFTCBUS,2015-07-01,6.834754,9,Total Fossil Fuels Consumption,Quadrillion Btu
FFTCBUS,2015-08-01,6.729872,9,Total Fossil Fuels Consumption,Quadrillion Btu
FFTCBUS,2015-09-01,6.214951,9,Total Fossil Fuels Consumption,Quadrillion Btu
FFTCBUS,2015-10-01,6.184823,9,Total Fossil Fuels Consumption,Quadrillion Btu
FFTCBUS,2015-11-01,6.197692,9,Total Fossil Fuels Consumption,Quadrillion Btu
FFTCBUS,2015-12-01,6.741673,9,Total Fossil Fuels Consumption,Quadrillion Btu
FFTCBUS,2016-01-01,7.415254,9,Total Fossil Fuels Consumption,Quadrillion Btu
FFTCBUS,2016-02-01,6.663741,9,Total Fossil Fuels Consumption,Quadrillion Btu
FFTCBUS,2016-03-01,6.3369,9,Total Fossil Fuels Consumption,Quadrillion Btu
FFTCBUS,2016-04-01,5.886045,9,Total Fossil Fuels Consumption,Quadrillion Btu
FFTCBUS,2016-05-01,5.958827,9,Total Fossil Fuels Consumption,Quadrillion Btu
FFTCBUS,2016-06-01,6.347812,9,Total Fossil Fuels Consumption,Quadrillion Btu
FFTCBUS,2016-07-01,6.824567,9,Total Fossil Fuels Consumption,Quadrillion Btu
FFTCBUS,2016-08-01,6.932325,9,Total Fossil Fuels Consumption,Quadrillion Btu
FFTCBUS,2016-09-01,6.251514,9,Total Fossil Fuels Consumption,Quadrillion Btu
FFTCBUS,2016-10-01,6.160696,9,Total Fossil Fuels Consumption,Quadrillion Btu
FFTCBUS,2016-11-01,6.171333,9,Total Fossil Fuels Consumption,Quadrillion Btu
FFTCBUS,2016-12-01,7.37,9,Total Fossil Fuels Consumption,Quadrillion Btu
FFTCBUS,2017-01-01,7.279425,9,Total Fossil Fuels Consumption,Quadrillion Btu
FFTCBUS,2017-02-01,6.076847,9,Total Fossil Fuels Consumption,Quadrillion Btu
FFTCBUS,2017-03-01,6.714135,9,Total Fossil Fuels Consumption,Quadrillion Btu
FFTCBUS,2017-04-01,5.846171,9,Total Fossil Fuels Consumption,Quadrillion Btu
FFTCBUS,2017-05-01,6.098856,9,Total Fossil Fuels Consumption,Quadrillion Btu
FFTCBUS,2017-06-01,6.245456,9,Total Fossil Fuels Consumption,Quadrillion Btu
FFTCBUS,2017-07-01,6.734308,9,Total Fossil Fuels Consumption,Quadrillion Btu
FFTCBUS,2017-08-01,6.645986,9,Total Fossil Fuels Consumption,Quadrillion Btu
FFTCBUS,2017-09-01,6.050237,9,Total Fossil Fuels Consumption,Quadrillion Btu
FFTCBUS,2017-10-01,6.21255,9,Total Fossil Fuels Consumption,Quadrillion Btu
FFTCBUS,2017-11-01,6.509779,9,Total Fossil Fuels Consumption,Quadrillion Btu
FFTCBUS,2017-12-01,7.493366,9,Total Fossil Fuels Consumption,Quadrillion Btu
FFTCBUS,2018-01-01,7.911819,9,Total Fossil Fuels Consumption,Quadrillion Btu
FFTCBUS,2018-02-01,6.47658,9,Total Fossil Fuels Consumption,Quadrillion Btu
FFTCBUS,2018-03-01,6.990649,9,Total Fossil Fuels Consumption,Quadrillion Btu
FFTCBUS,2018-04-01,6.252246,9,Total Fossil Fuels Consumption,Quadrillion Btu
FFTCBUS,2018-05-01,6.219886,9,Total Fossil Fuels Consumption,Quadrillion Btu
FFTCBUS,2018-06-01,6.380783,9,Total Fossil Fuels Consumption,Quadrillion Btu
FFTCBUS,2018-07-01,6.904313,9,Total Fossil Fuels Consumption,Quadrillion Btu
FFTCBUS,2018-08-01,6.97706,9,Total Fossil Fuels Consumption,Quadrillion Btu
FFTCBUS,2018-09-01,6.322819,9,Total Fossil Fuels Consumption,Quadrillion Btu
FFTCBUS,2018-10-01,6.564261,9,Total Fossil Fuels Consumption,Quadrillion Btu
FFTCBUS,2018-11-01,6.943583,9,Total Fossil Fuels Consumption,Quadrillion Btu
FFTCBUS,2018-12-01,7.336542,9,Total Fossil Fuels Consumption,Quadrillion Btu
FFTCBUS,2019-01-01,7.838231,9,Total Fossil Fuels Consumption,Quadrillion Btu
FFTCBUS,2019-02-01,6.835727,9,Total Fossil Fuels Consumption,Quadrillion Btu
FFTCBUS,2019-03-01,7.031288,9,Total Fossil Fuels Consumption,Quadrillion Btu
FFTCBUS,2019-04-01,6.011698,9,Total Fossil Fuels Consumption,Quadrillion Btu
FFTCBUS,2019-05-01,6.175787,9,Total Fossil Fuels Consumption,Quadrillion Btu
FFTCBUS,2019-06-01,6.189718,9,Total Fossil Fuels Consumption,Quadrillion Btu
FFTCBUS,2019-07-01,6.811535,9,Total Fossil Fuels Consumption,Quadrillion Btu
FFTCBUS,2019-08-01,6.86216,9,Total Fossil Fuels Consumption,Quadrillion Btu
FFTCBUS,2019-09-01,6.26438,9,Total Fossil Fuels Consumption,Quadrillion Btu
FFTCBUS,2019-10-01,6.3538,9,Total Fossil Fuels Consumption,Quadrillion Btu
FFTCBUS,2019-11-01,6.814014,9,Total Fossil Fuels Consumption,Quadrillion Btu
FFTCBUS,2019-12-01,7.236205,9,Total Fossil Fuels Consumption,Quadrillion Btu
FFTCBUS,2020-01-01,7.236975,9,Total Fossil Fuels Consumption,Quadrillion Btu
FFTCBUS,2020-02-01,6.70622,9,Total Fossil Fuels Consumption,Quadrillion Btu
FFTCBUS,2020-03-01,6.243224,9,Total Fossil Fuels Consumption,Quadrillion Btu
FFTCBUS,2020-04-01,4.978839,9,Total Fossil Fuels Consumption,Quadrillion Btu
FFTCBUS,2020-05-01,5.127289,9,Total Fossil Fuels Consumption,Quadrillion Btu
FFTCBUS,2020-06-01,5.529567,9,Total Fossil Fuels Consumption,Quadrillion Btu
FFTCBUS,2020-07-01,6.343108,9,Total Fossil Fuels Consumption,Quadrillion Btu
FFTCBUS,2020-08-01,6.335068,9,Total Fossil Fuels Consumption,Quadrillion Btu
FFTCBUS,2020-09-01,5.733709,9,Total Fossil Fuels Consumption,Quadrillion Btu
FFTCBUS,2020-10-01,5.930085,9,Total Fossil Fuels Consumption,Quadrillion Btu
FFTCBUS,2020-11-01,5.968496,9,Total Fossil Fuels Consumption,Quadrillion Btu
FFTCBUS,2020-12-01,7.006786,9,Total Fossil Fuels Consumption,Quadrillion Btu
FFTCBUS,2021-01-01,7.210077,9,Total Fossil Fuels Consumption,Quadrillion Btu
FFTCBUS,2021-02-01,6.613514,9,Total Fossil Fuels Consumption,Quadrillion Btu
FFTCBUS,2021-03-01,6.358639,9,Total Fossil Fuels Consumption,Quadrillion Btu
FFTCBUS,2021-04-01,5.876166,9,Total Fossil Fuels Consumption,Quadrillion Btu
FFTCBUS,2021-05-01,5.954598,9,Total Fossil Fuels Consumption,Quadrillion Btu
FFTCBUS,2021-06-01,6.320079,9,Total Fossil Fuels Consumption,Quadrillion Btu
FFTCBUS,2021-07-01,6.698793,9,Total Fossil Fuels Consumption,Quadrillion Btu
FFTCBUS,2021-08-01,6.784358,9,Total Fossil Fuels Consumption,Quadrillion Btu
FFTCBUS,2021-09-01,6.082624,9,Total Fossil Fuels Consumption,Quadrillion Btu
FFTCBUS,2021-10-01,6.158663,9,Total Fossil Fuels Consumption,Quadrillion Btu
FFTCBUS,2021-11-01,6.472315,9,Total Fossil Fuels Consumption,Quadrillion Btu
FFTCBUS,2021-12-01,6.923779,9,Total Fossil Fuels Consumption,Quadrillion Btu
FFTCBUS,2022-01-01,7.621866,9,Total Fossil Fuels Consumption,Quadrillion Btu
FFTCBUS,2022-02-01,6.71456,9,Total Fossil Fuels Consumption,Quadrillion Btu
FFTCBUS,2022-03-01,6.662718,9,Total Fossil Fuels Consumption,Quadrillion Btu
FFTCBUS,2022-04-01,5.949135,9,Total Fossil Fuels Consumption,Quadrillion Btu
FFTCBUS,2022-05-01,6.03063,9,Total Fossil Fuels Consumption,Quadrillion Btu
FFTCBUS,2022-06-01,6.225362,9,Total Fossil Fuels Consumption,Quadrillion Btu
FFTCBUS,2022-07-01,6.673354,9,Total Fossil Fuels Consumption,Quadrillion Btu
FFTCBUS,2022-08-01,6.706268,9,Total Fossil Fuels Consumption,Quadrillion Btu
FFTCBUS,2022-09-01,6.089295,9,Total Fossil Fuels Consumption,Quadrillion Btu
FFTCBUS,2022-10-01,6.107786,9,Total Fossil Fuels Consumption,Quadrillion Btu
FFTCBUS,2022-11-01,6.477644,9,Total Fossil Fuels Consumption,Quadrillion Btu
FFTCBUS,2022-12-01,7.239564,9,Total Fossil Fuels Consumption,Quadrillion Btu
FFTCBUS,2023-01-01,7.004713,9,Total Fossil Fuels Consumption,Quadrillion Btu
FFTCBUS,2023-02-01,6.286133,9,Total Fossil Fuels Consumption,Quadrillion Btu
FFTCBUS,2023-03-01,6.720774,9,Total Fossil Fuels Consumption,Quadrillion Btu
FFTCBUS,2023-04-01,5.888036,9,Total Fossil Fuels Consumption,Quadrillion Btu
FFTCBUS,2023-05-01,5.967137,9,Total Fossil Fuels Consumption,Quadrillion Btu
FFTCBUS,2023-06-01,6.118981,9,Total Fossil Fuels Consumption,Quadrillion Btu
FFTCBUS,2023-07-01,6.658416,9,Total Fossil Fuels Consumption,Quadrillion Btu
FFTCBUS,2023-08-01,6.794471,9,Total Fossil Fuels Consumption,Quadrillion Btu
FFTCBUS,2023-09-01,6.072652,9,Total Fossil Fuels Consumption,Quadrillion Btu
FFTCBUS,2023-10-01,6.230196,9,Total Fossil Fuels Consumption,Quadrillion Btu
FFTCBUS,2023-11-01,6.528145,9,Total Fossil Fuels Consumption,Quadrillion Btu
FFTCBUS,2023-12-01,6.911615,9,Total Fossil Fuels Consumption,Quadrillion Btu
FFTCBUS,2024-01-01,7.583622,9,Total Fossil Fuels Consumption,Quadrillion Btu
